Almonds,
Anise,
Aniseed,
Apples,
Apricots,
Artichokes,
Asparagus,
Aubergines,
Avocados,
Badian,
Bananas,
Barley,
Beans,
Beef,
Beer,
Beetroot,
Black-eyed peas,
Blackcurrants,
Blueberries,
Biscuits,
Bok choy,
Breakfast cereals,
Brie cheese,Mould cheese
Brill,
Broccoli,
Brussels sprouts,
Buffalo milk,
Buffalo,
Butter,
Button squash,
Butter beans,
Buttermilk,
Cabbage,
Camembert cheese,Mould cheese
Canaloupes,
Cannellini Beans,
Capsicums,
Cardamom,
Carp,
Carrots,
Cashew nuts,
Cauliflower,
Cayenne pepper,
Celery,
Cheddar cheese,Hard cheese
Cherries,
Chestnuts,
Chicken,
Chickpeas,
Chicory,
Chilli powder,
Cider,
Cinnamon,
Cocoa beans,
Coconut milk,
Coconuts,
Cod,
Common ling,
Cottage cheese,
Couscous,
Cowpeas,
Crab,
Cranberries,
Cream,
Cream cheese,
Crème fraiche,
Crisp bread,
Cucumbers,
Dark chocolate,
Dates,
Dried fruit,
Dry chillies,
Dry peas,
Duck,
Eggplants,
Eggs,
Fennel,
Feta cheese,
Figs,
Foam sweets,
French beans,
Fresh chillies,
Fresh coffee,
Fresh peas,
Frites,
Fruit juice,
Garlic,
Gherkins,
Gigante beans,
Ginger,
Ginger ale,
Goat meat,
Goose,
Gooseberries,
Gorgonzola cheese,Blue cheese
Gouda cheese,Hard cheese
Gourds,
Grapefruit,
Grapes,
Green beans,
Great northern beans,
Groundnuts,
Grouse,
Guavas,
Haddock,
Hake,
Halloumi cheese,
Ham,
Hare,
Hazelnuts,
Herring,
Hogget,
Honey,
Instant coffee powder,
Jam,
Jelly sweets,
Kangaroo,
Kiwi fruit,
Lamb,
Lemonade,
Lemons,
Lentils,
Lettuce,
Limes,
Lobster,
Low fat cream,
Low fat cream cheese,
Low fat crème fraiche,
Mace,
Mackerel,
Maize,
Mandarines,
Mangoes,
Margarine,
Marmalade,
Maté,
Meat substitutes,
Megrim,
Melons,
Milk chocolate,
Millet,
Mineral water,
Mozzarella cheese,
Mushrooms,
Mussels,
Mustard seed,
Mutton,
Navy beans,
Nectarines,
Nutmeg,
Oats,
Octupus,
Olive oil,
Olives,
Onions,
Oranges,
Papayas,
Parmesan cheese,Hard cheese
Parsnips,
Partridge,
Pasta,
Pastry,
Pea beans,
Peanuts,
Peaches,
Peppers,
Pears,
Pomfret,
Porbeagle,
Pheasant,
Pineapples,
Pinto beans,
Pistachios,
Pita bread,
Plain flour,
Plantains,
Plums,
Prawns,
Pollock,
Pomelo,
Pork,
Potatoes,
Potato crisps,
Pumpkins,
Quail,
Quinces,
Quorn,
Rabbit,
Raisins,
Raspberries,
Redcurrants,
Rice,
Roquefort cheese,Blue cheese
Rum,
Rye,
Rye bread,
Runner beans,
Rutabaga,
Rye bread,
Saffron,
Saithe,
Salmon,
Sea bass,
Semi skimmed milk,
Sesame seeds,
Shallots,
Shrimps,
Skimmed milk,
Sloes,
Sole,
Sorghum,
Soy beans, 
Soy drink,
Soy oil,
Soy milk,
Spinach,
Squash,
Squid,
Stilton cheese,Blue cheese
Strawberries,
Sugar,
Sunflower oil,
Sunflower seeds,
Swedes,
Sweet potatoes,
Sweets,
Swordfish,
Syrup,
Tangerines,
Tea,
Tequila,
Tomatoes,
Tonic water,
Trout,
Truffles,
Tumeric,
Raw tuna,
Turbot,
Turkey,
Vegetable crisps,
Vodka,
Vegetable oil,
Walnuts,
Watermelons,
Whisky,
White bread,
Whole milk,
Wholemeal bread,
Whiting,
Wine,
Yams,
Yoghurt,
Low fat yogurt,
Zucchini,